'#Chrom','Position','Gene Sym','Target ID','Type','Zygosity','Ref','Variant','Var Freq','Var QUAL','P-value','Coverage','Ref Cov','Var Cov','COSMIC64','Func','Gene','ExonicFunc','Exon','AAChange','Conserved','SegDup','ESP6500_ALL','1000g2012apr_ALL','dbSNP137','AVSIFT','LJB_PhyloP','LJB_PhyloP_Pred','LJB_SIFT','LJB_SIFT_Pred','LJB_PolyPhen2','LJB_PolyPhen2_Pred','LJB_LRT','LJB_LRT_Pred','LJB_MutationTaster','LJB_MutationTaster_Pred','LJB_GERP++','HotSpot ID','Chr','Start','End','Ref','Obs'
chr11,108155107,ATM,CHP2_ATM_5,SNP,Het,C,G,10.18,42.0,6.31e-05,275,247,28,,exonic,HRAS,synonymous SNV,exon3,NM_001130442:c.G237C:p.L79L,617;Name=lod=428,,,,,,,,,,,,,,,,,---,chr11,533819,533819,C,G
chr11,534242,HRAS,CHP2_HRAS_1,SNP,Hom,A,G,99.69,79.0,1.26e-08,637,2,635,ID=COSM249860;OCCURENCE=25(urinary_tract);1(skin),exonic,HRAS,synonymous SNV,exon2,NM_001130442:c.T81C:p.H27H,656;Name=lod=619,,0.354529,0.30,rs12628,,,,,,,,,,,,,COSM249860;,chr11,534242,534242,A,G
chr19,1220573,STK11,CHP2_STK11_3,SNP,Het,T,G,26.69,42.0,6.31e-05,652,477,174,,intronic,RB1,,,,,,0.928318,0.94,rs198617,,,,,,,,,,,,,---,chr13,48919358,48919358,T,G
chr22,24134041,SMARCB1,CHP2_SMARCB1_1,SNP,Hom,G,C,99.84,79.0,1.26e-08,630,1,629,,exonic,TP53,nonsynonymous SNV,exon3,NM_001126118:c.C98G:p.P33R,,,0.630037,0.60,rs1042522,0.26,0.991129,C,0.55,T,0.044,B,0.185427,U,0.038498,P,1.82,---,chr17,7579472,7579472,G,C
chr4,55152040,PDGFRA,CHP2_PDGFRA_4,SNP,Het,A,G,65.94,49.0,1.26e-05,1245,424,821,,intronic,PIK3CA,,,,,,0.259458,0.22,rs3729674,,,,,,,,,,,,,COSM22413;,chr3,178917005,178917005,A,G
chr4,55152074,PDGFRA,CHP2_PDGFRA_4,SNP,Het,A,G,32.28,45.0,3.16e-05,1239,839,400,ID=COSM328028;OCCURENCE=1(haematopoietic_and_lymphoid_tissue),exonic,PIK3CA,nonsynonymous SNV,exon7,NM_006218:c.A1173G:p.I391M,667;Name=lod=686,,0.109595,0.07,rs2230461,0.18,0.774592,N,0.73242,NA,0.0,B,1.0,N,0.878447,P,0.149,---,chr3,178927410,178927410,A,G
chr4,55599336,KIT,CHP2_KIT_8,SNP,Het,G,A,8.62,42.0,6.31e-05,290,265,25,,exonic,FGFR3,synonymous SNV,exon12,NM_022965:c.G1617A:p.T539T,536;Name=lod=202,,0.955084,0.96,rs7688609,,,,,,,,,,,,,---,chr4,1807894,1807894,G,A
chr4,55946257,KDR,CHP2_KDR_8,SNP,Het,G,C,31.83,43.0,5.01e-05,509,347,162,,exonic,FGFR3,nonsynonymous SNV,exon14,NM_022965:c.G1820C:p.C607S,450;Name=lod=90,,,,,0.01,0.998906,C,0.98,D,0.998,D,1.0,NA,0.999997,D,4.44,COSM48875;,chr4,1808398,1808398,G,C
chr5,149453014,CSF1R,CHP2_CSF1R_1,SNP,Hom,A,G,99.87,82.0,6.31e-09,767,0,766,,exonic,PDGFRA,synonymous SNV,exon12,NM_006206:c.A1701G:p.P567P,,,0.958865,0.96,rs1873778,,,,,,,,,,,,,---,chr4,55141055,55141055,A,G
chr7,55233049,EGFR,CHP2_EGFR_3,SNP,Hom,G,A,99.47,70.0,1.00e-07,376,2,374,,intronic,EGFR,,,,,,,0.01,rs17337135,,,,,,,,,,,,,---,chr7,55242582,55242582,G,A
chr7,55259596,EGFR,CHP2_EGFR_8,SNP,Hom,G,A,99.22,62.0,6.31e-07,256,2,254,,exonic,EGFR,synonymous SNV,exon20,NM_005228:c.G2361A:p.Q787Q,452;Name=lod=92,,0.542442,0.42,rs1050171,0,,,,,,,,,,,,---,chr7,55249063,55249063,G,A
